,Instrument,RIC,Currency,Issuer Rating,Rating Source Description,Date,Fitchs Rating,Fitchs Rating Date,SP Rating,SP Rating Date,Moodys Rating,Moodys Rating Date,Duration,Total Duration,Modified Duration,Modified Duration,Mac. Duration,Macaulay Duration,Yield To Maturity,Yield to Maturity,Average Yield to Maturity,Yield to Maturity,Bond Grade,Par Value,Face Issued Total
0,DEA19JHQ=,DEA19JHQ=,EUR,Aaa,Moody's Long-term Mortgage Covered Bonds Rating,2014-11-28,,,,,Aaa,2017-06-07,1.0828,,1.0532,1.3803,1.081293,,2.809048,,,2.80712,Bond Grade: Investment Grade,1000,1000000000
1,DEA1ZYKN=,DEA1ZYKN=,EUR,AA (low),Dominion Bond Rating Service (DBRS) - Long-term Issuer,2018-12-07,,,,,Aaa,2015-03-13,0.8658,,0.8453,1.1639,0.866667,,2.650345,,,2.793457,Bond Grade: Investment Grade,1000,1000000000
2,DEA285A2=,DEA285A2=,EUR,Aaa,Moody's Long-term Mortgage Covered Bonds Rating,2014-11-28,,,,,Aaa,2020-11-18,4.5414,,4.4058,4.7371,4.537793,,3.088424,,,3.077096,Bond Grade: Investment Grade,1000,1250000000
3,DEA28SAX=,DEA28SAX=,EUR,Aaa,Moody's Long-term Mortgage Covered Bonds Rating,2014-11-28,,,,,Aaa,2020-01-20,1.9611,,1.9053,2.2345,1.960597,,2.949654,,,2.931615,Bond Grade: Investment Grade,1000,1000000000
4,DEA2R3NS=,DEA2R3NS=,EUR,AA (low),Dominion Bond Rating Service (DBRS) - Long-term Issuer,2018-12-07,,,,,Aaa,2019-06-14,1.1193,,1.0896,1.4181,1.118163,,2.754494,,,2.726181,Bond Grade: Investment Grade,1000,1000000000
5,DEA2RXT8=,DEA2RXT8=,EUR,Aaa,Moody's Long-term Mortgage Covered Bonds Rating,2014-11-28,,,,,Aaa,2019-02-15,2.7643,,2.685,2.9965,2.758456,,2.98035,,,2.950422,Bond Grade: Investment Grade,1000,1250000000
6,DEA3LTE7=,DEA3LTE7=,EUR,Aaa,Moody's Long-term Mortgage Covered Bonds Rating,2014-11-28,,,,,Aaa,2024-01-17,4.778,,4.6329,4.9661,4.777811,,3.140935,,,3.130221,Bond Grade: Investment Grade,1000,1000000000
7,DK267356483=,DK267356483=,EUR,Aaa,Moody's Long-term Mortgage Covered Bonds Rating,2011-06-23,,,,,Aaa,2023-08-28,2.6375,,2.5622,2.8009,2.63386,2.8714,2.948946,2.5386,,2.940556,Bond Grade: Investment Grade,1000,1000000000
8,FI0003030544=,FI0003030544=,EUR,,,,,,,,,2008-12-18,0.1209,,0.12,,,,,,,11.494821,,50000,28000000
9,FI261383829=,FI261383829=,EUR,Aaa,Moody's Long-term Mortgage Covered Bonds Rating,2014-11-28,,,,,Aaa,2023-04-20,2.3705,,2.3028,2.6344,2.368571,2.6999,2.957323,2.5087,,2.942008,Bond Grade: Investment Grade,1000,1000000000
10,FI271729278=,FI271729278=,EUR,Aaa,Moody's Long-term Mortgage Covered Bonds Rating,2014-11-28,,,,,Aaa,2023-11-15,0.7836,,0.7677,1.0569,0.777778,1.08,2.666296,2.2187,,2.640568,Bond Grade: Investment Grade,1000,1000000000
11,FI4000024179=,FI4000024179=,EUR,,,,,,,,,2011-05-10,0.2573,,0.0139,,,,,,,10.840495,,50000,15000000
12,FI4000149976=,FI4000149976=,EUR,,,,,,,,,2015-03-30,0.9014,,0.0061,,,,,,,10.509905,,1000,12000000
13,FI4000282629=,FI4000282629=,EUR,Baa3,Moody's Derived Long-term Issuer Rating,2025-11-17,,,,,,2017-09-29,1.3757,,1.3241,1.6487,1.372932,,3.942698,,,3.893252,,1000,250000000
14,FI4000292180=,FI4000292180=,EUR,,,,,,,,,2017-11-17,0.2833,,0.2833,,,,,,,94.10266,,20000,40000000
15,FI4000353099=,FI4000353099=,EUR,Discontinued,Dominion Bond Rating Service (DBRS) - Long-term Issuer,2023-11-30,,,,,,2021-05-11,,,,,,,,,,,,1000,3329000
16,FI4000384185=,FI4000384185=,EUR,,,,,,,,,2019-05-23,0.8838,,0.0493,,,,,,,19.82502,,100000,58400000
17,FI4000386446=,FI4000386446=,EUR,a2,Moody's Adjusted Baseline Credit Assessments Rating,2025-11-18,,,,,,2021-11-25,,,,,,,,,,,,1000,1300000
18,FI4000387279=,FI4000387279=,EUR,a2,Moody's Adjusted Baseline Credit Assessments Rating,2025-11-18,,,,,,2022-10-21,,,,,,,,,,,,1000,5107000
19,FI4000399696=,FI4000399696=,EUR,,,,,,,,,2019-09-23,0.3863,,0.3822,0.702,0.383333,,2.860608,,,2.811144,,100000,150000000
20,FI4000410915=,FI4000410915=,EUR,,,,,,,,,2019-11-20,0.5452,,0.5369,0.857,0.541667,,2.908159,,,2.834255,,100000,175000000
21,FI4000440276=,FI4000440276=,EUR,,,,,,,,,2020-06-16,1.115,,1.0844,1.4126,1.113786,,2.841335,,,2.821834,,100000,600000000
22,FI4000440342=HE,FI4000440342=HE,EUR,A1,Moody's Backed Senior Secured,2025-04-03,,,,,,2020-07-14,,,,,,,,,,,,1000,4056000
23,FI4000440789=HE,FI4000440789=HE,EUR,A1,Moody's Backed Senior Secured,2025-04-03,,,,,,2020-08-18,,,,,,,,,,,,1000,2020000
24,FI4000441753=,FI4000441753=,EUR,A,Dominion Bond Rating Service (DBRS) - Long-term Issuer,2025-06-26,,,,,,2022-02-14,,,,,,,,,,,,1000,5356000
25,FI4000441803=HE,FI4000441803=HE,EUR,A1,Moody's Backed Senior Secured,2025-04-03,,,,,,2020-11-03,,,,,,,,,,,,1000,247000
26,FI4000441811=HE,FI4000441811=HE,EUR,A1,Moody's Backed Senior Secured,2025-04-03,,,,,,2020-11-03,,,,,,,,,,,,1000,137000000
27,FI4000441936=HE,FI4000441936=HE,EUR,A1,Moody's Backed Senior Secured,2025-04-03,,,,,,2020-10-15,,,,,,,,,,,,1000,2635000
28,FI4000442108=,FI4000442108=,EUR,Baa3,Moody's Derived Long-term Issuer Rating,2024-10-07,,,,,Baa3,2024-10-07,0.4438,,0.4378,0.757,0.441667,,3.234122,,,3.126561,Bond Grade: Investment Grade,100000,350000000
29,FI4000442264=,FI4000442264=,EUR,,,,,,,,,2020-10-01,0.4082,,0.3738,,,,,,,22.556528,,20000,23000000
30,FI4000442314=HE,FI4000442314=HE,EUR,A1,Moody's Backed Senior Secured,2025-04-03,,,,,,2020-12-17,,,,,,,,,,,,1000,326000
31,FI4000442322=HE,FI4000442322=HE,EUR,A1,Moody's Backed Senior Secured,2025-04-03,,,,,,2020-12-17,,,,,,,,,,,,1000,105000
32,FI4000456090=,FI4000456090=,EUR,A,Dominion Bond Rating Service (DBRS) - Long-term Issuer,2025-06-26,,,,,,2020-12-14,,,,,,,,,,,,1000,2603000
33,FI4000456173=HE,FI4000456173=HE,EUR,A1,Moody's Backed Senior Secured,2025-04-03,,,,,,2020-12-23,,,,,,,,,,,,1000,1640000
34,FI4000456199=HE,FI4000456199=HE,EUR,A1,Moody's Backed Senior Secured,2025-04-03,,,,,,2021-02-04,,,,,,,,,,,,1000,171000
35,FI4000466412=,FI4000466412=,EUR,,,,,,,,,2020-11-25,1.5588,,1.5133,1.8422,1.555453,,3.031554,,,3.00733,,100000,650000000
36,FI4000466438=HE,FI4000466438=HE,EUR,A1,Moody's Backed Senior Secured,2025-04-03,,,,,,2020-12-18,,,,,,,,,,,,1000,6270000
37,FI4000466453=HE,FI4000466453=HE,EUR,A1,Moody's Backed Senior Secured,2025-04-03,,,,,,2021-01-19,,,,,,,,,,,,1000,5637000
38,FI4000466602=HE,FI4000466602=HE,EUR,A1,Moody's Backed Senior Secured,2025-04-03,,,,,,2020-12-29,,,,,,,,,,,,1000,6158000
39,FI4000466651=,FI4000466651=,EUR,A,Dominion Bond Rating Service (DBRS) - Long-term Issuer,2025-06-26,,,,,,2021-01-08,,,,,,,,,,,,1000,1117000
40,FI4000476791=,FI4000476791=,EUR,A,Dominion Bond Rating Service (DBRS) - Long-term Issuer,2025-06-26,,,,,,2020-12-21,,,,,,,,,,,,10000,900000
41,FI4000476940=HE,FI4000476940=HE,EUR,A1,Moody's Backed Senior Secured,2025-04-03,,,,,,2021-03-18,,,,,,,,,,,,1000,161000
42,FI4000476957=HE,FI4000476957=HE,EUR,A1,Moody's Backed Senior Secured,2025-04-03,,,,,,2021-03-18,,,,,,,,,,,,1000,696000
43,FI4000480041=HE,FI4000480041=HE,EUR,A1,Moody's Backed Senior Secured,2025-04-03,,,,,,2021-02-12,,,,,,,,,,,,1000,3024000
44,FI4000480058=HE,FI4000480058=HE,EUR,A1,Moody's Backed Senior Secured,2025-04-03,,,,,,2021-02-12,,,,,,,,,,,,1000,4905000
45,FI4000480116=,FI4000480116=,EUR,A,Dominion Bond Rating Service (DBRS) - Long-term Issuer,2025-06-26,,,,,,2021-02-12,,,,,,,,,,,,1000,50000000
46,FI4000480371=,FI4000480371=,EUR,(P)A3,Moody's Long-term Subordinate MTN Rating,2025-10-07,,,,,NR,2021-03-23,,,,,,,,,,,,1000,2904000
47,FI4000480405=HE,FI4000480405=HE,EUR,A1,Moody's Backed Senior Secured,2025-04-03,,,,,,2021-03-15,,,,,,,,,,,,10000,4523000
48,FI4000480439=HE,FI4000480439=HE,EUR,A1,Moody's Backed Senior Secured,2025-04-03,,,,,,2021-03-15,,,,,,,,,,,,1000,3498000
49,FI4000480447=HE,FI4000480447=HE,EUR,A1,Moody's Backed Senior Secured,2025-04-03,,,,,,2021-03-15,,,,,,,,,,,,1000,2390000
50,FI4000480520=HE,FI4000480520=HE,EUR,A1,Moody's Backed Senior Secured,2025-04-03,,,,,,2021-04-30,,,,,,,,,,,,1000,300000
51,FI4000480538=HE,FI4000480538=HE,EUR,A1,Moody's Backed Senior Secured,2025-04-03,,,,,,2021-04-30,,,,,,,,,,,,1000,759000
52,FI4000480561=,FI4000480561=,EUR,A,Dominion Bond Rating Service (DBRS) - Long-term Issuer,2025-06-26,,,,,,2021-03-05,,,,,,,,,,,,10000,2050000
53,FI4000490628=HE,FI4000490628=HE,EUR,A1,Moody's Backed Senior Secured,2025-04-03,,,,,,2021-03-16,,,,,,,,,,,,1000,3773000
54,FI4000490719=,FI4000490719=,EUR,A,Dominion Bond Rating Service (DBRS) - Long-term Issuer,2025-06-26,,,,,,2021-03-22,,,,,,,,,,,,1000,2221000
55,FI4000490891=HE,FI4000490891=HE,EUR,A1,Moody's Backed Senior Secured,2025-04-03,,,,,,2021-04-14,,,,,,,,,,,,1000,8952000
56,FI4000490917=,FI4000490917=,EUR,A,Dominion Bond Rating Service (DBRS) - Long-term Issuer,2025-06-26,,,,,,2021-07-14,,,,,,,,,,,,1000,50000000
57,FI4000490933=,FI4000490933=,EUR,A,Dominion Bond Rating Service (DBRS) - Long-term Issuer,2025-06-26,,,,,,2021-04-13,,,,,,,,,,,,1000,4600000
58,FI4000490941=HE,FI4000490941=HE,EUR,A1,Moody's Backed Senior Secured,2025-04-03,,,,,,2021-04-14,,,,,,,,,,,,1000,3677000
59,FI4000491063=HE,FI4000491063=HE,EUR,A1,Moody's Backed Senior Secured,2025-04-03,,,,,,2021-04-23,,,,,,,,,,,,1000,585000
60,FI4000491105=,FI4000491105=,EUR,A,Dominion Bond Rating Service (DBRS) - Long-term Issuer,2025-06-26,,,,,,2021-04-14,,,,,,,,,,,,1000,1275000
61,FI4000496286=,FI4000496286=,EUR,BBB (high),Dominion Bond Rating Service (DBRS) - Long-term Issuer,2025-12-15,,,,,,2021-03-25,1.8801,,1.8229,2.1335,1.881266,,3.194941,,,3.136756,,100000,500000000
62,FI4000496344=,FI4000496344=,EUR,,,,,,,,,2021-03-24,4.8838,,4.7267,5.0566,4.885008,,3.334019,,,3.323722,,100000,300000000
63,FI4000496419=,FI4000496419=,EUR,A,Dominion Bond Rating Service (DBRS) - Long-term Issuer,2025-06-26,,,,,,2021-04-15,,,,,,,,,,,,1000,1179000
64,FI4000496468=,FI4000496468=,EUR,,,,,,,,,2021-03-30,1.8912,,1.8286,2.1356,1.892637,,3.476457,,,3.425851,,100000,200000000
65,FI4000496542=,FI4000496542=,EUR,A,Dominion Bond Rating Service (DBRS) - Long-term Issuer,2025-06-26,,,,,,2021-04-30,,,,,,,,,,,,1000,2159000
66,FI4000496559=HE,FI4000496559=HE,EUR,A1,Moody's Backed Senior Secured,2025-04-03,,,,,,2021-06-23,,,,,,,,,,,,1000,329000
67,FI4000496567=HE,FI4000496567=HE,EUR,A1,Moody's Backed Senior Secured,2025-04-03,,,,,,2021-06-17,,,,,,,,,,,,1000,610000
68,FI4000496666=,FI4000496666=,EUR,A,Dominion Bond Rating Service (DBRS) - Long-term Issuer,2025-06-26,,,,,,2021-05-14,,,,,,,,,,,,1000,7390000
69,FI4000496690=HE,FI4000496690=HE,EUR,A1,Moody's Backed Senior Secured,2025-04-03,,,,,,2021-05-14,,,,,,,,,,,,1000,2051000
70,FI4000496757=,FI4000496757=,EUR,A,Dominion Bond Rating Service (DBRS) - Long-term Issuer,2025-06-26,,,,,,2021-05-14,,,,,,,,,,,,1000,5374000
71,FI4000496765=LU,FI4000496765=LU,EUR,A1,Moody's Derived Long-term Issuer Rating,2024-09-23,,,,,NR,2021-06-16,,,,,,,,,,,,1000,20000000
72,FI4000496799=,FI4000496799=,EUR,(P)A3,Moody's Long-term Subordinate MTN Rating,2025-10-07,,,,,NR,2021-05-26,,,,,,,,,,,,1000,940000
73,FI4000506886=,FI4000506886=,EUR,A,Dominion Bond Rating Service (DBRS) - Long-term Issuer,2025-06-26,,,,,,2021-05-27,,,,,,,,,,,,1000,4595000
74,FI4000506944=,FI4000506944=,EUR,A,Dominion Bond Rating Service (DBRS) - Long-term Issuer,2025-06-26,,,,,,2021-06-01,,,,,,,,,,,,1000,3096000
75,FI4000506985=LU,FI4000506985=LU,EUR,A1,Moody's Derived Long-term Issuer Rating,2024-09-23,,,,,NR,2021-07-15,,,,,,,,,,,,1000,20000000
76,FI4000507009=HE,FI4000507009=HE,EUR,A1,Moody's Backed Senior Secured,2025-04-03,,,,,,2021-04-30,,,,,,,,,,,,1000,300000
77,FI4000507025=,FI4000507025=,EUR,A,Dominion Bond Rating Service (DBRS) - Long-term Issuer,2025-06-26,,,,,,2021-05-26,,,,,,,,,,,,1000,3640000
78,FI4000507074=,FI4000507074=,EUR,A,Dominion Bond Rating Service (DBRS) - Long-term Issuer,2025-06-26,,,,,,2021-06-14,,,,,,,,,,,,1000,2078000
79,FI4000507223=LU,FI4000507223=LU,EUR,A1,Moody's Derived Long-term Issuer Rating,2024-09-23,,,,,,2021-06-18,,,,,,,,,,,,1000,20000000
80,FI4000507298=HE,FI4000507298=HE,EUR,A1,Moody's Backed Senior Secured,2025-04-03,,,,,,2021-07-14,,,,,,,,,,,,1000,589000
81,FI4000507306=HE,FI4000507306=HE,EUR,A1,Moody's Backed Senior Secured,2025-04-03,,,,,,2021-07-14,,,,,,,,,,,,1000,259000
82,FI4000507330=,FI4000507330=,EUR,,,,,,,,,2021-07-05,0.1667,,0.1656,0.4904,0.166667,,4.426216,,,3.891139,,1,73142624
83,FI4000507363=,FI4000507363=,EUR,A,Dominion Bond Rating Service (DBRS) - Long-term Issuer,2025-06-26,,,,,,2021-06-23,,,,,,,,,,,,1000,4462000
84,FI4000507371=,FI4000507371=,EUR,WR,Moody's Senior Unsecured,2023-02-27,,,,,Ba1,2026-04-21,0.0575,,0.0554,0.411,,,,,,3.805061,Bond Grade: High Yield,100000,60000000
85,FI4000507512=LU,FI4000507512=LU,EUR,A1,Moody's Derived Long-term Issuer Rating,2024-09-23,,,,,NR,2021-08-03,,,,,,,,,,,,1000,20000000
86,FI4000507579=,FI4000507579=,EUR,,,,,,,,,2021-06-11,1.0857,,1.0078,1.3352,1.084263,,8.177268,,,7.727229,,100000,50000000
87,FI4000507587=HE,FI4000507587=HE,EUR,A1,Moody's Backed Senior Secured,2025-04-03,,,,,,2021-07-14,,,,,,,,,,,,1000,3098000
88,FI4000507603=,FI4000507603=,EUR,A,Dominion Bond Rating Service (DBRS) - Long-term Issuer,2025-06-26,,,,,,2021-07-14,,,,,,,,,,,,1000,5118000
89,FI4000507637=HE,FI4000507637=HE,EUR,A1,Moody's Backed Senior Secured,2025-04-03,,,,,,2021-07-14,,,,,,,,,,,,1000,1782000
90,FI4000507736=,FI4000507736=,EUR,A,Dominion Bond Rating Service (DBRS) - Long-term Issuer,2025-06-26,,,,,,2021-07-14,,,,,,,,,,,,1000,4586000
91,FI4000507751=HE,FI4000507751=HE,EUR,A1,Moody's Backed Senior Secured,2025-04-03,,,,,,2021-09-03,,,,,,,,,,,,1000,788000
92,FI4000507769=HE,FI4000507769=HE,EUR,A1,Moody's Backed Senior Secured,2025-04-03,,,,,,2021-09-03,,,,,,,,,,,,1000,335000
93,FI4000508007=,FI4000508007=,EUR,,,,,,,,,2021-07-01,1.1575,,1.0733,1.2466,1.155556,,6.819572,,,6.771231,,1000,70000000
94,FI4000508015=,FI4000508015=,EUR,A,Dominion Bond Rating Service (DBRS) - Long-term Issuer,2025-06-26,,,,,,2021-07-27,,,,,,,,,,,,1000,5056000
95,FI4000508056=,FI4000508056=,EUR,A,Dominion Bond Rating Service (DBRS) - Long-term Issuer,2025-06-26,,,,,,2021-08-16,,,,,,,,,,,,1000,2292000
96,FI4000508064=,FI4000508064=,EUR,A,Dominion Bond Rating Service (DBRS) - Long-term Issuer,2025-06-26,,,,,,2021-08-16,,,,,,,,,,,,1000,5450000
97,FI4000508106=HE,FI4000508106=HE,EUR,A1,Moody's Backed Senior Secured,2025-04-03,,,,,,2021-08-17,,,,,,,,,,,,1000,996000
98,FI4000508288=HE,FI4000508288=HE,EUR,A1,Moody's Backed Senior Secured,2025-04-03,,,,,,2021-10-15,,,,,,,,,,,,1000,798000
99,FI4000508296=,FI4000508296=,EUR,A,Dominion Bond Rating Service (DBRS) - Long-term Issuer,2025-06-26,,,,,,2021-09-08,,,,,,,,,,,,1000,5445000
100,FI4000508304=HE,FI4000508304=HE,EUR,A1,Moody's Backed Senior Secured,2025-04-03,,,,,,2021-10-18,,,,,,,,,,,,1000,192000
101,FI4000508320=,FI4000508320=,EUR,A,Dominion Bond Rating Service (DBRS) - Long-term Issuer,2025-06-26,,,,,,2021-09-14,,,,,,,,,,,,1000,5344000
102,FI4000508338=LU,FI4000508338=LU,EUR,A1,Moody's Derived Long-term Issuer Rating,2024-09-23,,,,,NR,2021-10-07,,,,,,,,,,,,1000,20000000
103,FI4000508379=LU,FI4000508379=LU,EUR,,,,,,,,,2021-09-14,,,,,,,,,,,,1000,15000000
104,FI4000508403=,FI4000508403=,EUR,A,Dominion Bond Rating Service (DBRS) - Long-term Issuer,2025-06-26,,,,,,2021-10-01,,,,,,,,,,,,1000,1337000
105,FI4000508411=,FI4000508411=,EUR,A,Dominion Bond Rating Service (DBRS) - Long-term Issuer,2025-06-26,,,,,,2021-09-24,,,,,,,,,,,,1000,9982000
106,FI4000511480=,FI4000511480=,EUR,A,Dominion Bond Rating Service (DBRS) - Long-term Issuer,2025-06-26,,,,,,2021-09-15,,,,,,,,,,,,1000,4988000
107,FI4000511621=LU,FI4000511621=LU,EUR,A1,Moody's Derived Long-term Issuer Rating,2024-09-23,,,,,NR,2021-11-16,,,,,,,,,,,,1000,20000000
108,FI4000511639=LU,FI4000511639=LU,EUR,A1,Moody's Derived Long-term Issuer Rating,2024-09-23,,,,,NR,2022-11-06,,,,,,,,,,,,1000,20000000
109,FI4000511662=,FI4000511662=,EUR,A,Dominion Bond Rating Service (DBRS) - Long-term Issuer,2025-06-26,,,,,,2021-10-01,,,,,,,,,,,,1000,4292000
110,FI4000511928=,FI4000511928=,EUR,A,Dominion Bond Rating Service (DBRS) - Long-term Issuer,2025-06-26,,,,,,2021-10-14,,,,,,,,,,,,1000,3273000
111,FI4000512090=HE,FI4000512090=HE,EUR,A1,Moody's Backed Senior Secured,2025-04-03,,,,,,2021-11-26,,,,,,,,,,,,1000,129000
112,FI4000512108=HE,FI4000512108=HE,EUR,A1,Moody's Backed Senior Secured,2025-04-03,,,,,,2021-11-26,,,,,,,,,,,,1000,471000
113,FI4000512322=,FI4000512322=,EUR,,,,,,,,,2021-10-04,0.4164,,0.4094,0.7255,0.413889,,4.17995,,,4.107818,,1000,100000000
114,FI4000512371=,FI4000512371=,EUR,A,Dominion Bond Rating Service (DBRS) - Long-term Issuer,2025-06-26,,,,,,2021-10-15,,,,,,,,,,,,1000,2775000
115,FI4000512504=,FI4000512504=,EUR,A,Dominion Bond Rating Service (DBRS) - Long-term Issuer,2025-06-26,,,,,,2021-11-15,,,,,,,,,,,,1000,1833000
116,FI4000512611=,FI4000512611=,EUR,(P)A1,Moody's Backed Long-term Senior Unsecured MTN Rating,2024-12-17,,,,,,2021-11-15,,,,,,,,,,,,1000,5000000
117,FI4000512686=,FI4000512686=,EUR,A,Dominion Bond Rating Service (DBRS) - Long-term Issuer,2025-06-26,,,,,,2021-11-15,,,,,,,,,,,,1000,4143000
118,FI4000512801=,FI4000512801=,EUR,A,Dominion Bond Rating Service (DBRS) - Long-term Issuer,2025-06-26,,,,,,2021-11-15,,,,,,,,,,,,1000,5387000
119,FI4000512967=,FI4000512967=,EUR,A,Dominion Bond Rating Service (DBRS) - Long-term Issuer,2025-06-26,,,,,,2021-12-10,,,,,,,,,,,,1000,9779000
120,FI4000513049=,FI4000513049=,EUR,A,Dominion Bond Rating Service (DBRS) - Long-term Issuer,2025-06-26,,,,,,2021-11-26,,,,,,,,,,,,1000,5696000
121,FI4000513080=HE,FI4000513080=HE,EUR,A1,Moody's Backed Senior Secured,2025-04-03,,,,,,2022-01-05,,,,,,,,,,,,1000,242000
122,FI4000513098=HE,FI4000513098=HE,EUR,A1,Moody's Backed Senior Secured,2025-04-03,,,,,,2022-01-04,,,,,,,,,,,,1000,1025000
123,FI4000513106=LU,FI4000513106=LU,EUR,A1,Moody's Derived Long-term Issuer Rating,2024-09-23,,,,,NR,2022-01-12,,,,,,,,,,,,1000,20000000
124,FI4000513189=,FI4000513189=,EUR,WR,Moody's Backed Senior Unsecured,2016-01-31,,,,,,2021-12-03,,,,,,,,,,,,1000,6345000
125,FI4000513239=,FI4000513239=,EUR,A,Dominion Bond Rating Service (DBRS) - Long-term Issuer,2025-06-26,,,,,,2021-12-13,,,,,,,,,,,,1000,4068000
126,FI4000513254=,FI4000513254=,EUR,A,Dominion Bond Rating Service (DBRS) - Long-term Issuer,2025-06-26,,,,,,2021-11-30,,,,,,,,,,,,1000,3127000
127,FI4000513643=HE,FI4000513643=HE,EUR,A1,Moody's Backed Senior Secured,2025-04-03,,,,,,2022-01-20,,,,,,,,,,,,1000,2773000
128,FI4000513676=,FI4000513676=,EUR,A,Dominion Bond Rating Service (DBRS) - Long-term Issuer,2025-06-26,,,,,,2021-12-15,,,,,,,,,,,,1000,4226000
129,FI4000513684=,FI4000513684=,EUR,A,Dominion Bond Rating Service (DBRS) - Long-term Issuer,2025-06-26,,,,,,2022-01-05,,,,,,,,,,,,1000,1298000
130,FI4000513692=,FI4000513692=,EUR,,,,,,,,,2021-11-26,0.5616,,0.5374,0.8543,4.855935,,5.607199,,,5.598762,,100000,56000000
131,FI4000513759=HE,FI4000513759=HE,EUR,A1,Moody's Backed Senior Secured,2025-04-03,,,,,,2021-12-22,,,,,,,,,,,,5000,1135000
132,FI4000513890=,FI4000513890=,EUR,A,Dominion Bond Rating Service (DBRS) - Long-term Issuer,2025-06-26,,,,,,2022-01-10,,,,,,,,,,,,1000,4205000
133,FI4000513957=HE,FI4000513957=HE,EUR,A1,Moody's Backed Senior Secured,2025-04-03,,,,,,2022-02-17,,,,,,,,,,,,1000,582000
134,FI4000513965=HE,FI4000513965=HE,EUR,A1,Moody's Backed Senior Secured,2025-04-03,,,,,,2022-02-17,,,,,,,,,,,,1000,865000
135,FI4000513999=,FI4000513999=,EUR,(P)A3,Moody's Long-term Subordinate MTN Rating,2025-10-07,,,,,,2022-01-20,,,,,,,,,,,,1000,1246000
136,FI4000514062=,FI4000514062=,EUR,A,Dominion Bond Rating Service (DBRS) - Long-term Issuer,2025-06-26,,,,,,2022-01-21,,,,,,,,,,,,1000,4187000
137,FI4000514146=,FI4000514146=,EUR,A,Dominion Bond Rating Service (DBRS) - Long-term Issuer,2025-06-26,,,,,,2022-01-27,,,,,,,,,,,,1000,4250000
138,FI4000514294=,FI4000514294=,EUR,A,Dominion Bond Rating Service (DBRS) - Long-term Issuer,2025-06-26,,,,,,2022-02-24,,,,,,,,,,,,1000,2841000
139,FI4000517347=,FI4000517347=,EUR,A,Dominion Bond Rating Service (DBRS) - Long-term Issuer,2025-06-26,,,,,,2022-02-14,,,,,,,,,,,,1000,3608000
140,FI4000517370=TRU,FI4000517370=TRU,EUR,A1,Moody's Derived Long-term Issuer Rating,2024-09-23,,,,,,2022-02-14,,,,,,,,,,,,1000,10000000
141,FI4000517404=HE,FI4000517404=HE,EUR,A1,Moody's Backed Senior Secured,2025-04-03,,,,,,2022-02-14,,,,,,,,,,,,1000,2400000
142,FI4000517412=HE,FI4000517412=HE,EUR,A1,Moody's Backed Senior Secured,2025-04-03,,,,,,2022-02-14,,,,,,,,,,,,1000,3623000
143,FI4000517446=HE,FI4000517446=HE,EUR,A1,Moody's Backed Senior Secured,2025-04-03,,,,,,2022-04-07,,,,,,,,,,,,1000,720000
144,FI4000517453=HE,FI4000517453=HE,EUR,A1,Moody's Backed Senior Secured,2025-04-03,,,,,,2022-04-07,,,,,,,,,,,,1000,68000
145,FI4000517636=,FI4000517636=,EUR,A,Dominion Bond Rating Service (DBRS) - Long-term Issuer,2025-06-26,,,,,,2022-02-08,,,,,,,,,,,,10000,800000
146,FI4000517792=HE,FI4000517792=HE,EUR,A1,Moody's Backed Senior Secured,2025-04-03,,,,,,2022-03-14,,,,,,,,,,,,1000,3075000
147,FI4000517818=HE,FI4000517818=HE,EUR,A1,Moody's Backed Senior Secured,2025-04-03,,,,,,2022-03-14,,,,,,,,,,,,1000,3152000
148,FI4000517826=,FI4000517826=,EUR,,,,,,,,,2022-02-08,0.7644,,0.7467,1.0614,0.758333,,3.139144,,,3.089325,,100000,28000000
149,FI4000517834=,FI4000517834=,EUR,A,Dominion Bond Rating Service (DBRS) - Long-term Issuer,2025-06-26,,,,,,2022-03-14,,,,,,,,,,,,1000,1203000
150,FI4000518220=,FI4000518220=,EUR,A,Dominion Bond Rating Service (DBRS) - Long-term Issuer,2025-06-26,,,,,,2022-03-02,,,,,,,,,,,,10000,700000
151,FI4000518402=HE,FI4000518402=HE,EUR,A1,Moody's Backed Senior Secured,2025-04-03,,,,,,2022-05-20,,,,,,,,,,,,1000,188000
152,FI4000518410=HE,FI4000518410=HE,EUR,A1,Moody's Backed Senior Secured,2025-04-03,,,,,,2022-05-20,,,,,,,,,,,,1000,1012000
153,FI4000518436=HE,FI4000518436=HE,EUR,A1,Moody's Backed Senior Secured,2025-04-03,,,,,,2022-04-14,,,,,,,,,,,,1000,930000
154,FI4000518451=,FI4000518451=,EUR,(P)A3,Moody's Long-term Subordinate MTN Rating,2025-10-07,,,,,NR,2022-06-03,,,,,,,,,,,,1000,548000
155,FI4000518493=,FI4000518493=,EUR,A,Dominion Bond Rating Service (DBRS) - Long-term Issuer,2025-06-26,,,,,,2022-04-14,,,,,,,,,,,,1000,847000
156,FI4000518550=LU,FI4000518550=LU,EUR,A1,Moody's Derived Long-term Issuer Rating,2024-09-23,,,,,,2022-04-01,,,,,,,,,,,,1000,20000000
157,FI4000518683=,FI4000518683=,EUR,A,Dominion Bond Rating Service (DBRS) - Long-term Issuer,2025-06-26,,,,,,2022-04-06,,,,,,,,,,,,1000,2878000
158,FI4000518790=LU,FI4000518790=LU,EUR,A1,Moody's Derived Long-term Issuer Rating,2024-09-23,,,,,NR,2022-11-06,,,,,,,,,,,,1000,20000000
159,FI4000519137=HE,FI4000519137=HE,EUR,A1,Moody's Backed Senior Secured,2025-04-03,,,,,,2022-05-13,,,,,,,,,,,,1000,2025000
160,FI4000519178=,FI4000519178=,EUR,,,,,,,,,2022-04-13,0.9397,,0.9089,1.1815,0.938889,,3.654666,,,3.607839,,1000,40000000
161,FI4000519194=LU,FI4000519194=LU,EUR,A1,Moody's Derived Long-term Issuer Rating,2024-09-23,,,,,,2022-05-09,,,,,,,,,,,,1000,20000000
162,FI4000519244=,FI4000519244=,EUR,(P)A3,Moody's Long-term Subordinate MTN Rating,2025-10-07,,,,,NR,2022-05-26,,,,,,,,,,,,1000,7500000000
163,FI4000522370=HE,FI4000522370=HE,EUR,A1,Moody's Backed Senior Secured,2025-04-03,,,,,,2022-06-23,,,,,,,,,,,,1000,771000
164,FI4000522388=HE,FI4000522388=HE,EUR,A1,Moody's Backed Senior Secured,2025-04-03,,,,,,2022-06-23,,,,,,,,,,,,1000,36000
165,FI4000522784=HE,FI4000522784=HE,EUR,A1,Moody's Backed Senior Secured,2025-04-03,,,,,,2022-06-15,,,,,,,,,,,,1000,969000
166,FI4000522800=,FI4000522800=,EUR,WR,Moody's Backed Senior Unsecured,2016-01-31,,,,,,2022-06-08,,,,,,,,,,,,1000,4463000
167,FI4000522875=,FI4000522875=,EUR,WR,Moody's Backed Senior Unsecured,2016-01-31,,,,,,2022-06-15,,,,,,,,,,,,1000,8970000
168,FI4000522974=,FI4000522974=,EUR,,,,,,,,,2022-05-18,0.6219,,0.6117,0.93,0.619444,,2.717457,,,2.674057,,100000,600000000
169,FI4000522990=HE,FI4000522990=HE,EUR,A1,Moody's Backed Senior Secured,2025-04-03,,,,,,2022-07-21,,,,,,,,,,,,1000,432000
170,FI4000523022=,FI4000523022=,EUR,,,,,,,,,2022-05-19,1.9409,,1.8707,1.9812,1.941388,,3.79631,,,3.75196,,1000,75000000
171,FI4000523287=,FI4000523287=,EUR,,,,,,,,,2022-05-30,2.9281,,2.8295,3.1636,2.929022,,3.506896,,,3.485296,,100000,300000000
172,FI4000523345.HE,FI4000523345.HE,EUR,A1,Moody's Backed Senior Secured,2025-04-03,,,,,,2022-06-22,,,,,,,,,,,,5000,3020000
173,FI4000523493=,FI4000523493=,EUR,,,,,,,,,2023-06-01,1.6987,,1.6333,1.962,1.924333,,4.205804,,,4.155646,,1000,100000000
174,FI4000523527=,FI4000523527=,EUR,WR,Moody's Backed Senior Unsecured,2016-01-31,,,,,,2022-07-14,,,,,,,,,,,,1000,1942000
175,FI4000523550=,FI4000523550=,EUR,,,,,,,,,2022-06-09,0.8136,,0.7901,1.118,1.05399,,3.410529,,,3.247072,,100000,500000000
176,FI4000523659=HE,FI4000523659=HE,EUR,A1,Moody's Backed Senior Secured,2025-04-03,,,,,,2022-07-14,,,,,,,,,,,,1000,335000
177,FI4000523857=HE,FI4000523857=HE,EUR,A1,Moody's Backed Senior Secured,2025-04-03,,,,,,2022-09-08,,,,,,,,,,,,1000,723000
178,FI4000527122=,FI4000527122=,EUR,WR,Moody's Backed Senior Unsecured,2016-01-31,,,,,,2022-08-16,,,,,,,,,,,,1000,796000
179,FI4000527262=HE,FI4000527262=HE,EUR,A1,Moody's Backed Senior Secured,2025-04-03,,,,,,2022-09-02,,,,,,,,,,,,1000,2840000
180,FI4000527353=LU,FI4000527353=LU,EUR,A1,Moody's Derived Long-term Issuer Rating,2024-09-23,,,,,,2022-09-15,,,,,,,,,,,,1000,10000000
181,FI4000527361=LU,FI4000527361=LU,EUR,A1,Moody's Derived Long-term Issuer Rating,2024-09-23,,,,,,2022-09-15,,,,,,,,,,,,1000,20000000
182,FI4000527379=,FI4000527379=,EUR,WR,Moody's Backed Senior Unsecured,2016-01-31,,,,,,2022-09-15,,,,,,,,,,,,1000,3302000
183,FI4000527387=,FI4000527387=,EUR,WR,Moody's Backed Senior Unsecured,2016-01-31,,,,,,2022-09-15,,,,,,,,,,,,1000,3692000
184,FI4000527395=,FI4000527395=,EUR,WR,Moody's Backed Senior Unsecured,2016-01-31,,,,,,2022-09-15,,,,,,,,,,,,1000,2188000
185,FI4000527577.HE,FI4000527577.HE,EUR,A1,Moody's Backed Senior Secured,2025-04-03,,,,,,2022-09-16,,,,,,,,,,,,1000,1937000
186,FI4000530712.HE,FI4000530712.HE,EUR,A1,Moody's Backed Senior Secured,2025-04-03,,,,,,2022-07-04,,,,,,,,,,,,1000,1000000
187,FI4000530746=,FI4000530746=,EUR,(P)A3,Moody's Long-term Subordinate MTN Rating,2025-10-07,,,,,NR,2023-04-14,,,,,,,,,,,,1000,2140000
188,FI4000530787=LU,FI4000530787=LU,EUR,A1,Moody's Derived Long-term Issuer Rating,2024-09-23,,,,,NR,2022-12-21,,,,,,,,,,,,1000,20000000
189,FI4000530803=,FI4000530803=,EUR,WR,Moody's Backed Senior Unsecured,2016-01-31,,,,,,2022-10-14,,,,,,,,,,,,1000,2254000
190,FI4000530811=,FI4000530811=,EUR,WR,Moody's Backed Senior Unsecured,2016-01-31,,,,,,2022-09-29,,,,,,,,,,,,1000,2028000
191,FI4000530910=HE,FI4000530910=HE,EUR,A1,Moody's Backed Senior Secured,2025-04-03,,,,,,2022-12-01,,,,,,,,,,,,1000,376000
192,FI4000530936=HE,FI4000530936=HE,EUR,A1,Moody's Backed Senior Secured,2025-04-03,,,,,,2022-12-01,,,,,,,,,,,,1000,415000
193,FI4000530951=,FI4000530951=,EUR,WR,Moody's Backed Senior Unsecured,2016-01-31,,,,,,2022-10-12,,,,,,,,,,,,1000,2139000
194,FI4000531066=,FI4000531066=,EUR,(P)A3,Moody's Long-term Subordinate MTN Rating,2025-10-07,,,,,NR,2023-04-14,,,,,,,,,,,,1000,329000
195,FI4000532338=,FI4000532338=,EUR,WR,Moody's Backed Senior Unsecured,2016-01-31,,,,,,2022-10-14,,,,,,,,,,,,1000,1915000
196,FI4000532593.HE,FI4000532593.HE,EUR,A1,Moody's Backed Senior Secured,2025-04-03,,,,,,2022-11-14,,,,,,,,,,,,1000,2857000
197,FI4000532619.HE,FI4000532619.HE,EUR,A1,Moody's Backed Senior Secured,2025-04-03,,,,,,2022-11-14,,,,,,,,,,,,1000,3444000
198,FI4000532742=,FI4000532742=,EUR,WR,Moody's Backed Senior Unsecured,2016-01-31,,,,,,2022-11-14,,,,,,,,,,,,1000,322000
199,FI4000532767=,FI4000532767=,EUR,WR,Moody's Backed Senior Unsecured,2016-01-31,,,,,,2022-11-14,,,,,,,,,,,,1000,2153000
200,FI4000532775=,FI4000532775=,EUR,A+,R&I Long-term Issuer Rating,2025-11-21,,,,,,2022-11-16,,,,,,,,,,,,1000,10000000
201,FI4000532783=HE,FI4000532783=HE,EUR,A1,Moody's Backed Senior Secured,2025-04-03,,,,,,2022-11-10,,,,,,,,,,,,5000,2985000
202,FI4000533088=HE,FI4000533088=HE,EUR,A1,Moody's Backed Senior Secured,2025-04-03,,,,,,2023-01-12,,,,,,,,,,,,1000,641000
203,FI4000533096.HE,FI4000533096.HE,EUR,A1,Moody's Backed Senior Secured,2025-04-03,,,,,,2022-12-15,,,,,,,,,,,,1000,998000
204,FI4000536123=BPGL,FI4000536123=BPGL,EUR,A1,Moody's Backed Senior Secured,2025-04-03,,,,,,2022-12-15,,,,,,,,,,,,1000,3001000
205,FI4000536131=BPGL,FI4000536131=BPGL,EUR,A1,Moody's Backed Senior Secured,2025-04-03,,,,,,2022-12-15,,,,,,,,,,,,1000,2906000
206,FI4000536206=,FI4000536206=,EUR,A+,R&I Long-term Issuer Rating,2025-11-21,,,,,,2022-12-16,,,,,,,,,,,,1000,10000000
207,FI4000541263=,FI4000541263=,EUR,,,,,,,,,2022-12-15,,,,,,,,,,,,1000,613000
208,FI4000541297=,FI4000541297=,EUR,WR,Moody's Backed Senior Unsecured,2016-01-31,,,,,,2022-12-16,,,,,,,,,,,,1000,3003000
209,FI4000541461=,FI4000541461=,EUR,,,,,,,,,2022-11-15,1.5001,,1.4566,1.7845,1.496368,,3.015421,,,2.986104,,100000,300000000
210,FI4000541628=HE,FI4000541628=HE,EUR,A1,Moody's Backed Senior Secured,2025-04-03,,,,,,2022-12-29,,,,,,,,,,,,5000,3000000
211,FI4000541743=,FI4000541743=,EUR,A+,R&I Long-term Issuer Rating,2025-11-21,,,,,,2023-01-19,,,,,,,,,,,,1000,10000000
212,FI4000546189=HE,FI4000546189=HE,EUR,A1,Moody's Backed Senior Secured,2025-04-03,,,,,,2023-02-13,,,,,,,,,,,,5000,4495000
213,FI4000546197=BPGL,FI4000546197=BPGL,EUR,A1,Moody's Backed Senior Secured,2025-04-03,,,,,,2023-02-17,,,,,,,,,,,,1000,1706000
214,FI4000546239=,FI4000546239=,EUR,A+,R&I Long-term Issuer Rating,2025-11-21,,,,,,2023-02-17,,,,,,,,,,,,1000,10000000
215,FI4000546247=HE,FI4000546247=HE,EUR,A1,Moody's Backed Senior Secured,2025-04-03,,,,,,2023-02-17,,,,,,,,,,,,1000,1928000
216,FI4000546619=MFID,FI4000546619=MFID,EUR,,,,,,,,NR,2023-09-05,,,,,,,,,,,,1000,15000000
217,FI4000546627=,FI4000546627=,EUR,WR,Moody's Backed Senior Unsecured,2016-01-31,,,,,,2023-03-16,,,,,,,,,,,,1000,3615000
218,FI4000546833=,FI4000546833=,EUR,A+,R&I Long-term Issuer Rating,2025-11-21,,,,,,2023-03-16,,,,,,,,,,,,1000,10000000
219,FI4000546866.HE,FI4000546866.HE,EUR,A1,Moody's Backed Senior Secured,2025-04-03,,,,,,2023-03-16,,,,,,,,,,,,1000,1341000
220,FI4000549035=,FI4000549035=,EUR,,,,,,,,,2023-02-15,2.0223,,1.9603,2.2913,2.021041,,3.180215,,,3.160589,,100000,600000000
221,FI4000549241=HE,FI4000549241=HE,EUR,A1,Moody's Backed Senior Secured,2025-04-03,,,,,,2023-04-13,,,,,,,,,,,,1000,2320000
222,FI4000549266=MFID,FI4000549266=MFID,EUR,,,,,,,,NR,2023-09-27,,,,,,,,,,,,1000,15000000
223,FI4000549308=,FI4000549308=,EUR,WR,Moody's Backed Senior Unsecured,2016-01-31,,,,,,2023-04-03,,,,,,,,,,,,1000,4745000
224,FI4000549365=LU,FI4000549365=LU,EUR,,,,,,,,,2023-04-18,,,,,,,,,,,,1000,3640000
225,FI4000549381=LU,FI4000549381=LU,EUR,,,,,,,,,2023-04-17,,,,,,,,,,,,1000,
226,FI4000549415=,FI4000549415=,EUR,WR,Moody's Backed Senior Unsecured,2016-01-31,,,,,,2023-04-17,,,,,,,,,,,,1000,2322000
227,FI4000549423=,FI4000549423=,EUR,A+,R&I Long-term Issuer Rating,2025-11-21,,,,,,2023-04-17,,,,,,,,,,,,1000,2148000
228,FI4000549605=,FI4000549605=,EUR,,,,,,,,,2023-03-15,2.2616,,2.1944,2.5238,2.258245,,3.075133,,,3.058628,,100000,300000000
229,FI4000549647=,FI4000549647=,EUR,,,,,,,,,2023-04-17,,,,,,,,,,,,1000,1425000
230,FI4000549654=,FI4000549654=,EUR,A+,R&I Long-term Issuer Rating,2025-11-21,,,,,,2023-04-13,,,,,,,,,,,,1000,6000000
231,FI4000549662=BPGL,FI4000549662=BPGL,EUR,A1,Moody's Backed Senior Secured,2025-04-03,,,,,,2023-04-17,,,,,,,,,,,,1000,1447000
232,FI4000549704=,FI4000549704=,EUR,WR,Moody's Backed Senior Unsecured,2016-01-31,,,,,,2023-04-18,,,,,,,,,,,,1000,1021000
233,FI4000549738.HE,FI4000549738.HE,EUR,A1,Moody's Backed Senior Secured,2025-04-03,,,,,,2023-05-16,,,,,,,,,,,,1000,1120000
234,FI4000549779=,FI4000549779=,EUR,WR,Moody's Backed Senior Unsecured,2016-01-31,,,,,,2023-05-16,,,,,,,,,,,,1000,6177000
235,FI4000549795=HE,FI4000549795=HE,EUR,A1,Moody's Backed Senior Secured,2025-04-03,,,,,,2023-05-02,,,,,,,,,,,,5000,2480000
236,FI4000549852=,FI4000549852=,EUR,A+,R&I Long-term Issuer Rating,2025-11-21,,,,,,2023-05-16,,,,,,,,,,,,1000,10000000
237,FI4000549860=,FI4000549860=,EUR,,,,,,,,,2023-05-17,,,,,,,,,,,,1000,2809000
238,FI4000549910=BPGL,FI4000549910=BPGL,EUR,A1,Moody's Backed Senior Secured,2025-04-03,,,,,,2023-05-16,,,,,,,,,,,,1000,1521000
239,FI4000549951=LU,FI4000549951=LU,EUR,,,,,,,,,2023-05-16,,,,,,,,,,,,1000,3425000
240,FI4000549969=,FI4000549969=,EUR,A+,R&I Long-term Issuer Rating,2025-11-21,,,,,,2023-05-09,,,,,,,,,,,,1000,6000000
241,FI4000550058=,FI4000550058=,EUR,A+,R&I Long-term Issuer Rating,2025-11-21,,,,,,2023-05-17,,,,,,,,,,,,1000,6000000
242,FI4000550371=,FI4000550371=,EUR,,,,,,,,,2023-04-26,1.9406,,1.8843,2.149,1.940217,,3.01537,,,2.984185,,100000,250000000
243,FI4000550439=BPGL,FI4000550439=BPGL,EUR,A1,Moody's Backed Senior Secured,2025-04-03,,,,,,2023-06-16,,,,,,,,,,,,1000,1787000
244,FI4000550454=,FI4000550454=,EUR,,,,,,,,,2023-06-16,,,,,,,,,,,,1000,642000
245,FI4000550462=,FI4000550462=,EUR,A+,R&I Long-term Issuer Rating,2025-11-21,,,,,,2023-05-25,,,,,,,,,,,,1000,6000000
246,FI4000552484=,FI4000552484=,EUR,A+,R&I Long-term Issuer Rating,2025-11-21,,,,,,2023-06-02,,,,,,,,,,,,1000,6000000
247,FI4000552559=,FI4000552559=,EUR,WR,Moody's Backed Senior Unsecured,2016-01-31,,,,,,2023-06-16,,,,,,,,,,,,1000,3616000
248,FI4000552856=,FI4000552856=,EUR,A+,R&I Long-term Issuer Rating,2025-11-21,,,,,,2023-06-09,,,,,,,,,,,,1000,6000000
249,FI4000552898=,FI4000552898=,EUR,WR,Moody's Backed Senior Unsecured,2016-01-31,,,,,,2023-06-16,,,,,,,,,,,,1000,2916000
250,FI4000552922=,FI4000552922=,EUR,A+,R&I Long-term Issuer Rating,2025-11-21,,,,,,2023-06-15,,,,,,,,,,,,1000,6000000
251,FI4000552971=HE,FI4000552971=HE,EUR,A1,Moody's Backed Senior Secured,2025-04-03,,,,,,2023-06-26,,,,,,,,,,,,5000,3545000
252,FI4000556014=BPGL,FI4000556014=BPGL,EUR,A1,Moody's Backed Senior Secured,2025-04-03,,,,,,2023-07-06,,,,,,,,,,,,1000,
253,FI4000556154=,FI4000556154=,EUR,,,,,,,,,2023-08-24,0.3066,,0.2685,0.5179,,,,,,46.35146,,20000,25000000
254,FI4000556261=,FI4000556261=,EUR,WR,Moody's Backed Senior Unsecured,2016-01-31,,,,,,2023-07-05,,,,,,,,,,,,1000,4064000
255,FI4000556311=,FI4000556311=,EUR,,,,,,,,,2023-07-06,,,,,,,,,,,,1000,100000000
256,FI4000556329=MFID,FI4000556329=MFID,EUR,,,,,,,,,2023-07-06,,,,,,,,,,,,1000,3150000
257,FI4000556410=HE,FI4000556410=HE,EUR,A1,Moody's Backed Senior Secured,2025-04-03,,,,,,2023-08-25,,,,,,,,,,,,1000,271000
258,FI4000556444=,FI4000556444=,EUR,,,,,,,,,2023-06-14,1.7388,,1.6664,1.9826,1.965812,,4.474674,,,4.425028,,100000,100000000
259,FI4000556477=HE,FI4000556477=HE,EUR,A1,Moody's Backed Senior Secured,2025-04-03,,,,,,2023-08-25,,,,,,,,,,,,1000,702000
260,FI4000556907=HE,FI4000556907=HE,EUR,A1,Moody's Backed Senior Secured,2025-04-03,,,,,,2023-07-25,,,,,,,,,,,,5000,1280000
261,FI4000556998=,FI4000556998=,EUR,,,,,,,,,2023-07-06,,,,,,,,,,,,1000,5000000000
262,FI4000557111=,FI4000557111=,EUR,WR,Moody's Backed Senior Unsecured,2016-01-31,,,,,,2023-08-24,,,,,,,,,,,,1000,10000000
263,FI4000557145=,FI4000557145=,EUR,,,,,,,,,2023-08-25,,,,,,,,,,,,1000,100000000
264,FI4000557152=,FI4000557152=,EUR,,,,,,,,,2023-08-25,,,,,,,,,,,,1000,100000000
265,FI4000557244=,FI4000557244=,EUR,Baa3,Moody's Derived Long-term Issuer Rating,2024-10-07,,,,,,2023-07-17,0.0767,,0.0779,,7.26846,,4.956715,,,4.908372,,100000,50000000
266,FI4000557376=HE,FI4000557376=HE,EUR,A1,Moody's Backed Senior Secured,2025-04-03,,,,,,2023-10-06,,,,,,,,,,,,1000,108000
267,FI4000557384=HE,FI4000557384=HE,EUR,A1,Moody's Backed Senior Secured,2025-04-03,,,,,,2023-10-06,,,,,,,,,,,,1000,478000
268,FI4000557590=BPGL,FI4000557590=BPGL,EUR,A1,Moody's Backed Senior Secured,2025-04-03,,,,,,2023-10-03,,,,,,,,,,,,5000,1690000
269,FI4000560990=,FI4000560990=,EUR,,,,,,,,,2023-09-26,2.2885,,2.2198,2.5513,2.285566,,3.110611,,,3.09454,,100000,500000000
270,FI4000561386=BPGL,FI4000561386=BPGL,EUR,A1,Moody's Backed Senior Secured,2025-04-03,,,,,,2023-11-13,,,,,,,,,,,,5000,3270000
271,FI4000561725=HE,FI4000561725=HE,EUR,A1,Moody's Backed Senior Secured,2025-04-03,,,,,,2023-12-29,,,,,,,,,,,,1000,793000
272,FI4000561733=BPGL,FI4000561733=BPGL,EUR,A1,Moody's Backed Senior Secured,2025-04-03,,,,,,2023-12-27,,,,,,,,,,,,1000,3448000
273,FI4000561931=,FI4000561931=,EUR,Baa3,Moody's Derived Long-term Issuer Rating,2024-10-07,,,,,,2023-11-08,4.6683,,4.4996,4.8276,4.862983,,3.840325,,,3.793443,,100000,50000000
274,FI4000561949=,FI4000561949=,EUR,,,,,,,,,2023-11-16,2.3913,,2.2845,2.6096,2.387511,,4.720044,,,4.675564,,1000,200000000
275,FI4000561956=BPGL,FI4000561956=BPGL,EUR,A1,Moody's Backed Senior Secured,2025-04-03,,,,,,2023-12-12,,,,,,,,,,,,5000,1150000
276,FI4000562095=,FI4000562095=,EUR,,,,,,,,,2023-11-15,2.599,,2.5218,2.7589,2.594781,,3.073668,,,3.06105,,100000,500000000
277,FI4000562202=,FI4000562202=,EUR,,,,,,,,,2023-11-24,2.1868,,2.1141,2.4454,2.412009,,3.633331,,,3.588972,,100000,300000000
278,FI4000562301=,FI4000562301=,EUR,,,,,,,,,2023-11-23,0.542,,0.0556,,0.541973,,2.448676,,,2.418653,,1000,150000000
279,FI4000562442=HE,FI4000562442=HE,EUR,A1,Moody's Backed Senior Secured,2025-04-03,,,,,,2023-12-28,,,,,,,,,,,,5000,1400000
280,FI4000565635=,FI4000565635=,EUR,AA,Fitch Long-term Issuer Default Rating,2025-08-15,,,,,,2023-12-13,6.7195,,6.4867,6.7623,6.715175,,3.634796,,,3.588972,,100000,100000000
281,FI4000566187=HE,FI4000566187=HE,EUR,A1,Moody's Backed Senior Secured,2025-04-03,,,,,,2024-02-12,,,,,,,,,,,,5000,2000000
282,FI4000566351=,FI4000566351=,EUR,Baa1,Moody's Long-term Issuer Rating,2025-10-07,,,,,Aaa,2024-04-26,1.1846,,1.1495,1.4754,1.184741,,3.079524,,,3.051025,Bond Grade: Investment Grade,100000,300000000
283,FI4000566567=,FI4000566567=,EUR,,,,,,,,,2024-02-09,2.5512,,0.0167,,2.551077,,5.542392,,,5.494596,,1000,50000000
284,FI4000566765=BNPP,FI4000566765=BNPP,EUR,A1,Moody's Backed Senior Secured,2025-04-03,,,,,,2024-05-02,,,,,,,,,,,,1000,81000
285,FI4000566773=BNPP,FI4000566773=BNPP,EUR,A1,Moody's Backed Senior Secured,2025-04-03,,,,,,2024-05-02,,,,,,,,,,,,1000,474000
286,FI4000566948=,FI4000566948=,EUR,,,,,,,,,2024-03-21,0.8024,,0.7945,,,,,,,14.037822,,20000,20000000
287,FI4000566997=,FI4000566997=,EUR,,,,,,,,,2024-04-12,12.6762,,12.0731,11.8732,12.663033,,5.030072,,,4.996147,,1000,75000000
288,FI4000567094=,FI4000567094=,EUR,,,,,,,,,2024-03-13,2.5131,,2.4203,2.6508,2.741853,,3.882656,,,3.845116,,100000,200000000
289,FI4000567102=,FI4000567102=,EUR,,,,,,,,,2024-03-08,0.8411,,0.8135,1.0929,1.79533,,3.803624,,,3.791146,,100000,400000000
290,FI4000567144=,FI4000567144=,EUR,,,,,,,,,2024-04-12,10.2384,,9.7933,9.7349,10.231099,,4.586376,,,4.545106,,100000,75000000
291,FI4000570262=,FI4000570262=,EUR,,,,,,,,,2024-03-19,0.4506,,0.0079,,,,,8.1529,,8.1535,,100000,36000000
292,FI4000570684=,FI4000570684=,EUR,,,,,,,,,2024-04-10,2.8415,,2.7543,2.9993,2.840493,,3.176094,,,3.166299,,100000,300000000
293,FI4000570841=,FI4000570841=,EUR,,,,,,,,,2024-04-16,3.7759,,3.6596,3.8845,3.775116,,3.197208,,,3.179349,,100000,500000000
294,FI4000570908=,FI4000570908=,EUR,,,,,,,,,2024-06-05,4.2584,,4.0978,4.4299,4.457011,,3.9978,,,3.952503,,100000,150000000
295,FI4000570916=HE,FI4000570916=HE,EUR,A1,Moody's Backed Senior Secured,2025-04-03,,,,,,2024-05-16,,,,,,,,,,,,5000,1000000
296,FI4000571237=,FI4000571237=,EUR,,,,,,,,,2024-06-10,2.5568,,2.4601,2.7711,2.761131,,4.154605,,,4.107912,,1000,60000000
297,FI4000571245=HE,FI4000571245=HE,EUR,A1,Moody's Backed Senior Secured,2025-04-03,,,,,,2024-07-25,,,,,,,,,,,,1000,299000
298,FI4000571252=HE,FI4000571252=HE,EUR,A1,Moody's Backed Senior Secured,2025-04-03,,,,,,2024-07-25,,,,,,,,,,,,1000,785000
299,FI4000571260=,FI4000571260=,EUR,CCC+,Egan-Jones Senior Unsecured,2025-08-18,,,,,,2024-05-24,2.5813,,2.4673,2.8053,2.789155,,4.690214,,,4.625904,,100000,500000000
300,FI4000571278=,FI4000571278=,EUR,,,,,,,,,2024-06-18,0.1222,,0.1222,,1.062189,,6.208003,,,6.158149,,1000,100000000
301,FI4000571559=,FI4000571559=,EUR,,,,,,,,,2024-05-30,1.0476,,0.0667,,1.047593,,3.749516,,,3.699456,,100000,200000000
302,FI4000571708=,FI4000571708=,EUR,,,,,,,,,2024-06-17,0.6022,,0.1194,,1.059959,,4.814087,,,4.78554,,1000,90000000
303,FI4000578166=,FI4000578166=,EUR,,,,,,,,,2024-09-13,1.0808,,1.0422,1.3664,1.317163,,3.796104,,,3.74682,,100000,150000000
304,FI4000578216=,FI4000578216=,EUR,Baa3,Moody's Derived Long-term Issuer Rating,2024-10-07,,,,,Baa3,2024-10-07,4.9358,,4.7587,4.8843,4.933194,,3.752656,,,3.720954,Bond Grade: Investment Grade,100000,300000000
305,FI4000578224=,FI4000578224=,EUR,,,,,,,,,2024-10-02,3.5492,,3.4262,3.4199,3.542714,,3.636187,,,3.590135,,100000,300000000
306,FI4000581293=,FI4000581293=,EUR,,,,,,,,,2024-09-18,0.3726,,0.368,0.6839,0.369444,,3.440112,,,3.358295,,100000,50000000
307,FI4000581434=,FI4000581434=,EUR,,,,,,,,,2024-09-30,1.3668,,0.1556,,1.364036,,3.890889,,,3.840757,,1000,40000000
308,FI4000581715=,FI4000581715=,EUR,,,,,,,,,2024-10-15,3.2805,,3.1751,3.5081,3.278267,,3.329561,,,3.316509,,100000,250000000
309,FI4000586383=,FI4000586383=,EUR,,,,,,,,,2025-03-20,1.7618,,0.1333,,1.758909,,6.322119,,,6.272179,,1000,120000000
310,FI4000587464=,FI4000587464=,EUR,,,,,,,,,2025-05-30,1.8418,,1.709,2.0145,11.28456,,8.757784,,,8.691674,,20000,100000000
311,FI4000590864=,FI4000590864=,EUR,Baa3,Moody's Derived Long-term Issuer Rating,2025-11-17,,,,,Baa3,2025-11-17,4.518,,4.3179,4.654,4.518373,,4.66474,,,4.63434,Bond Grade: Investment Grade,1000,200000000
312,FI4000591912=,FI4000591912=,EUR,,,,,,,,,2025-08-21,2.0638,,1.9135,2.2186,,,,,,12.820021,,100000,20000000
313,FI4000592142=,FI4000592142=,EUR,,,,,,,,,2025-09-18,4.1196,,3.993,4.3245,4.116325,,3.181933,,,3.169967,,100000,300000000
314,FI4000592209=,FI4000592209=,EUR,,,,,,,,,2025-09-18,3.9248,,3.7292,4.0564,3.921069,,5.291169,,,5.244012,,1000,100000000
315,FI4000592340=,FI4000592340=,EUR,,,,,,,,,2025-10-02,2.289,,0.1611,,3.164384,,4.416393,,,4.371322,,100000,200000000
316,FI4000597844=,FI4000597844=,EUR,,,,,,,,,2025-11-27,4.3794,,4.1674,4.431,4.373534,,5.132708,,,5.087048,,1000,100000000
317,FI4000597950=,FI4000597950=,EUR,,,,,,,,,2025-12-11,2.4843,,0.1028,,3.375959,,3.472995,,,3.427931,,100000,150000000
318,FI4000597976=,FI4000597976=,EUR,CCC+,Egan-Jones Senior Unsecured,2025-08-18,,,,,,2025-11-27,4.1684,,3.9808,4.3162,4.164357,,4.783123,,,4.711503,,100000,300000000
319,FI4000598958=,FI4000598958=,EUR,Baa1,Moody's Long-term Issuer Rating,2025-10-07,,,,,Aaa,2026-02-12,4.671,,4.5286,,4.670237,,3.155295,,,3.145232,Bond Grade: Investment Grade,100000,300000000
320,FI4000599006=,FI4000599006=,EUR,,,,,,,,,2026-02-11,3.6202,,3.5118,,3.614233,,3.102316,,,3.086342,,100000,300000000
321,FI4000602677=,FI4000602677=,EUR,WR,Moody's Senior Unsecured,2023-02-27,,,,,Ba1,2026-04-21,4.2329,,4.0998,,15.438996,,6.751233,,,6.741558,Bond Grade: High Yield,100000,80000000
322,FIESENS0127=,FIESENS0127=,EUR,,,,,,,,,2022-12-12,0.465,,0.0007,,,,,18.9104,,28.767038,,100000,26000000
323,SE0016274773=,SE0016274773=,SEK,a2,Moody's Adjusted Baseline Credit Assessments Rating,2025-11-18,,,,,,2021-09-24,,,,,,,,,,,,100000,61300000
324,XS2058989489=,XS2058989489=,EUR,Aaa,Moody's Long-term Mortgage Covered Bonds Rating,2011-06-23,,,,,Aaa,2020-01-13,1.6958,,1.6485,1.9807,1.691564,,2.887784,,,2.867418,Bond Grade: Investment Grade,1000,1000000000
325,XS2081168358=,XS2081168358=,EUR,Aaa,Moody's Long-term Mortgage Covered Bonds Rating,2014-11-28,,,,,Aaa,2019-11-15,0.5425,,0.5351,0.8553,0.538889,,2.578185,,,2.523241,Bond Grade: Investment Grade,1000,1000000000
326,XS2532376949=,XS2532376949=,EUR,AA (low),Dominion Bond Rating Service (DBRS) - Long-term Issuer,2018-12-07,,,,,Aaa,2022-09-20,5.8582,,5.6814,6.0152,5.854534,,3.130267,,,3.112135,Bond Grade: Investment Grade,1000,1000000000
327,XS2589317697=,XS2589317697=,EUR,AA (low),Dominion Bond Rating Service (DBRS) - Long-term Issuer,2018-12-07,,,,,Aaa,2023-02-20,3.626,,3.522,3.7462,3.620367,,2.970894,,,2.954544,Bond Grade: Investment Grade,1000,1000000000
328,XS2802191937=,XS2802191937=,EUR,AA (low),Dominion Bond Rating Service (DBRS) - Long-term Issuer,2018-12-07,,,,,Aaa,2024-04-10,7.1592,,6.9339,7.0618,7.157946,,3.260351,,,3.249507,Bond Grade: Investment Grade,1000,1000000000
329,XS3330368518=,XS3330368518=,EUR,AA (low),Dominion Bond Rating Service (DBRS) - Long-term Issuer,2018-12-07,,,,,Aaa,2026-04-01,2.8289,,2.7483,,2.827664,,2.947038,,,2.931222,Bond Grade: Investment Grade,1000,1000000000
330,<NA>,,,,,,,,,,,,,,,,,,,,,,,,
331,FI0037635=,FI0037635=,EUR,AA,Fitch Long-term Issuer Default Rating,2025-07-25,AA,2025-07-25,,,Aa1,2024-12-13,2.0849,,2.0313,2.3626,2.084437,,2.649391,,,2.640266,Bond Grade: Investment Grade,1000,5300000000
332,FI0046545=,FI0046545=,EUR,AA,Fitch Long-term Issuer Default Rating,2025-07-25,AA,2025-07-25,,,Aa1,2024-12-13,12.8171,,12.3595,12.717,12.817836,,3.697974,,,3.702777,Bond Grade: Investment Grade,1000,5960000000
333,FI0148630=,FI0148630=,EUR,AA,Fitch Long-term Issuer Default Rating,2025-07-25,AA,2025-07-25,,,Aa1,2024-12-13,4.8665,,4.7275,5.0202,4.865708,,2.948942,,,2.940018,Bond Grade: Investment Grade,1000,5527000000
334,FI0242870=,FI0242870=,EUR,AA,Fitch Long-term Issuer Default Rating,2025-07-25,AA,2025-07-25,,,Aa1,2024-12-13,17.5151,,16.8668,16.8797,17.512831,,3.84727,,,3.843438,Bond Grade: Investment Grade,1000,6156000000
335,FI0278551=,FI0278551=,EUR,AA,Fitch Long-term Issuer Default Rating,2025-07-25,AA,2025-07-25,,,Aa1,2024-12-13,1.3593,,1.324,1.6527,1.356028,,2.676585,,,2.667283,Bond Grade: Investment Grade,1000,6913000000
336,FI0306758=,FI0306758=,EUR,AA,Fitch Long-term Issuer Default Rating,2025-07-25,AA,2025-07-25,,,Aa1,2024-12-13,7.6095,,7.3726,7.6099,7.608754,,3.21368,,,3.213997,Bond Grade: Investment Grade,1000,5454000000
337,FI0348727=,FI0348727=,EUR,AA,Fitch Long-term Issuer Default Rating,2025-07-25,AA,2025-07-25,,,Aa1,2024-12-13,2.3489,,2.2866,2.6179,2.345656,,2.740892,,,2.72666,Bond Grade: Investment Grade,1000,7619000000
338,FI0369467=,FI0369467=,EUR,AA,Fitch Long-term Issuer Default Rating,2025-07-25,AA,2025-07-25,,,Aa1,2024-12-13,3.333,,3.2419,3.5746,3.329749,,2.814747,,,2.809771,Bond Grade: Investment Grade,1000,7955000000
339,FI0415153=,FI0415153=,EUR,AA,Fitch Long-term Issuer Default Rating,2025-07-25,AA,2025-07-25,,,Aa1,2024-12-13,9.8765,,9.5525,9.8657,9.875749,,3.39851,,,3.392325,Bond Grade: Investment Grade,1000,5153000000
340,FI0440557=,FI0440557=,EUR,AA,Fitch Long-term Issuer Default Rating,2025-07-25,AA,2025-07-25,,,Aa1,2024-12-13,14.0069,,13.51,13.8462,14.00356,,3.679606,,,3.678065,Bond Grade: Investment Grade,1000,5039000000
341,FI0441878=,FI0441878=,EUR,AA,Fitch Long-term Issuer Default Rating,2025-07-25,AA,2025-07-25,,,Aa1,2024-12-13,4.3644,,4.2418,4.5738,4.361111,,2.895804,,,2.888862,Bond Grade: Investment Grade,1000,6802000000
342,FI0480488=,FI0480488=,EUR,AA,Fitch Long-term Issuer Default Rating,2025-07-25,AA,2025-07-25,,,,2021-02-09,25.19,,24.2476,24.515,25.18978,,3.881705,,,3.886435,Bond Grade: Investment Grade,1000,5117000000
343,FI0507231=,FI0507231=,EUR,AA,Fitch Long-term Issuer Default Rating,2025-07-25,AA,2025-07-25,,,,2021-05-26,5.3437,,5.1888,5.5214,5.340374,,2.990885,,,2.983945,Bond Grade: Investment Grade,1000,8002000000
344,FI0511449=,FI0511449=,EUR,AA,Fitch Long-term Issuer Default Rating,2025-07-25,AA,2025-07-25,,,,2021-08-31,0.3644,,0.3615,0.6838,0.361111,,2.227139,,,2.199251,Bond Grade: Investment Grade,1000,3995000000
345,FI0517677=,FI0517677=,EUR,AA,Fitch Long-term Issuer Default Rating,2025-07-25,AA,2025-07-25,,,,2022-02-02,16.0205,,15.4381,15.6503,16.018408,,3.786159,,,3.772557,Bond Grade: Investment Grade,1000,5420000000
346,FI0523238=,FI0523238=,EUR,AA,Fitch Long-term Issuer Default Rating,2025-07-25,AA,2025-07-25,,,,2022-06-01,6.0419,,5.861,6.1976,6.038552,,3.085778,,,3.085036,Bond Grade: Investment Grade,1000,7767000000
347,FI0527551=,FI0527551=,EUR,AA,Fitch Long-term Issuer Default Rating,2025-07-25,AA,2025-07-25,,,,2022-08-30,0.9452,,0.9226,1.2351,0.944444,,2.585857,,,2.589143,Bond Grade: Investment Grade,1000,4327000000
348,FI0546528=,FI0546528=,EUR,AA,Fitch Long-term Issuer Default Rating,2025-07-25,AA,2025-07-25,,,Aa1,2025-07-09,10.2518,,9.9046,9.9601,10.250433,,3.510633,,,3.505414,Bond Grade: Investment Grade,1000,4663000000
349,FI0550249=,FI0550249=,EUR,AA,Fitch Long-term Issuer Default Rating,2025-07-25,AA,2025-07-25,,,,2023-05-04,6.5899,,6.3888,6.7249,6.586598,,3.146722,,,3.147652,Bond Grade: Investment Grade,1000,7924000000
350,FI0557525=,FI0557525=,EUR,AA,Fitch Long-term Issuer Default Rating,2025-07-25,AA,2025-07-25,,,,2023-08-30,2.8623,,2.7858,3.0399,2.861523,,2.767163,,,2.747513,Bond Grade: Investment Grade,1000,7761000000
351,FI0566294=,FI0566294=,EUR,AA,Fitch Long-term Issuer Default Rating,2025-07-25,AA,2025-07-25,,,,2024-01-24,18.8529,,18.1421,17.8819,18.866509,,3.904184,,,3.918406,Bond Grade: Investment Grade,1000,5872000000
352,FI0571104=,FI0571104=,EUR,AA,Fitch Long-term Issuer Default Rating,2025-07-25,AA,2025-07-25,,,Aa1,2025-07-09,7.3728,,7.141,7.4818,7.369284,,3.249623,,,3.245706,Bond Grade: Investment Grade,1000,8928000000
353,FI0577952=,FI0577952=,EUR,AA,Fitch Long-term Issuer Default Rating,2025-07-25,AA,2025-07-25,,,,2024-08-27,3.7974,,3.692,3.9331,3.79657,,2.860468,,,2.85389,Bond Grade: Investment Grade,1000,5622000000
354,FI0586284=,FI0586284=,EUR,AA,Fitch Long-term Issuer Default Rating,2025-07-25,AA,2025-07-25,,,Aa1,2025-01-30,14.2532,,13.7338,13.6418,14.252226,,3.782626,,,3.782153,Bond Grade: Investment Grade,1000,3796000000
355,FI0587415=,FI0587415=,EUR,AA,Fitch Long-term Issuer Default Rating,2025-07-25,AA,2025-07-25,,,Aa1,2025-05-08,8.13,,7.8681,8.2096,8.126457,,3.331372,,,3.328299,Bond Grade: Investment Grade,1000,9054000000
356,FI0590971=,FI0590971=,EUR,AA,Fitch Long-term Issuer Default Rating,2025-07-25,,,,,,2025-06-05,0.0222,,0.0218,0.3483,0.022222,,2.046107,,,2.000176,,1000,7297000000
357,FI0591862=,FI0591862=,EUR,AA,Fitch Long-term Issuer Default Rating,2025-07-25,AA,2025-08-28,,,Aa1,2025-08-28,5.5697,,5.4069,5.6497,5.568703,,3.029148,,,3.010467,Bond Grade: Investment Grade,1000,4698000000
358,FI0592183=,FI0592183=,EUR,AA,Fitch Long-term Issuer Default Rating,2025-07-25,,,,,,2025-09-11,0.2778,,0.2718,0.5987,0.272222,,2.267905,,,2.2031,,1000,5218000000
359,FI0598396=,FI0598396=,EUR,AA,Fitch Long-term Issuer Default Rating,2025-07-25,,,,,,2026-01-09,0.5333,,0.5208,,0.522222,,2.466308,,,2.403081,,1000,4276000000
360,FI0598552=,FI0598552=,USD,AA,Fitch Long-term Issuer Default Rating,2025-07-25,,,,,,2026-01-07,0.1194,,0.1146,,,,,,,4.19814,,1000,1500000000
361,FI0598776=,FI0598776=,EUR,AA,Fitch Long-term Issuer Default Rating,2025-07-25,AA,2026-01-29,,,,2026-01-28,11.8027,,11.3842,,11.801705,,3.677374,,,3.676485,Bond Grade: Investment Grade,1000,3545000000
362,FI0602230=,FI0602230=,EUR,AA,Fitch Long-term Issuer Default Rating,2025-07-25,,,,,,2026-03-12,0.7944,,0.7748,,0.777778,,2.590103,,,2.540046,,1000,2390000000
363,FI0602560=,FI0602560=,EUR,AA,Fitch Long-term Issuer Default Rating,2025-07-25,,,,,,2026-03-24,0.4472,,0.4369,,0.438889,,2.416083,,,2.358241,,1000,4615000000
364,FI0602891=,FI0602891=,EUR,AA,Fitch Long-term Issuer Default Rating,2025-07-25,AA,2026-04-22,,,,2026-04-16,8.902,,8.6093,,8.898871,,3.396857,,,3.399651,Bond Grade: Investment Grade,1000,4000000000
